{
  "role": "eval",
  "n": 2597,
  "r_weak": 0.5864458991143627,
  "r_strong": 0.7527916827108202,
  "sets": {
    "S_H": {
      "features": [
        "H"
      ],
      "tau": -0.03281751506311138,
      "alpha": 0.4516750096264921,
      "accuracy": 0.7277628032345014,
      "pgr": 0.8495370370370371,
      "mean_path_latency_ms": 4677.973255294571,
      "by_slice": {
        "pooled": {
          "n": 2597,
          "alpha": 0.4516750096264921,
          "accuracy": 0.7277628032345014,
          "pgr": 0.8495370370370371
        },
        "mc_pooled": {
          "n": 1597,
          "alpha": 0.41327489041953663,
          "accuracy": 0.8772698810269255,
          "pgr": 0.864864864864865
        },
        "arc_challenge": {
          "n": 1000,
          "alpha": 0.326,
          "accuracy": 0.927,
          "pgr": 0.8588957055214729
        },
        "hotpotqa": {
          "n": 1000,
          "alpha": 0.513,
          "accuracy": 0.489,
          "pgr": 0.8265895953757224
        },
        "mmlu": {
          "n": 597,
          "alpha": 0.559463986599665,
          "accuracy": 0.7939698492462312,
          "pgr": 0.8750000000000001
        }
      }
    },
    "S_p": {
      "features": [
        "p_max"
      ],
      "tau": -0.33723200483193133,
      "alpha": 0.4489795918367347,
      "accuracy": 0.7269926838659992,
      "pgr": 0.8449074074074074,
      "mean_path_latency_ms": 4675.953226800155,
      "by_slice": {
        "pooled": {
          "n": 2597,
          "alpha": 0.4489795918367347,
          "accuracy": 0.7269926838659992,
          "pgr": 0.8449074074074074
        },
        "mc_pooled": {
          "n": 1597,
          "alpha": 0.408891671884784,
          "accuracy": 0.876017532874139,
          "pgr": 0.8571428571428571
        },
        "arc_challenge": {
          "n": 1000,
          "alpha": 0.322,
          "accuracy": 0.925,
          "pgr": 0.8466257668711661
        },
        "hotpotqa": {
          "n": 1000,
          "alpha": 0.513,
          "accuracy": 0.489,
          "pgr": 0.8265895953757224
        },
        "mmlu": {
          "n": 597,
          "alpha": 0.5544388609715243,
          "accuracy": 0.7939698492462312,
          "pgr": 0.8750000000000001
        }
      }
    },
    "S_md": {
      "features": [
        "H",
        "p_max",
        "margin"
      ],
      "tau": -0.24032639878659537,
      "alpha": 0.44936465152098576,
      "accuracy": 0.7273777435502503,
      "pgr": 0.8472222222222222,
      "mean_path_latency_ms": 4676.216034270312,
      "by_slice": {
        "pooled": {
          "n": 2597,
          "alpha": 0.44936465152098576,
          "accuracy": 0.7273777435502503,
          "pgr": 0.8472222222222222
        },
        "mc_pooled": {
          "n": 1597,
          "alpha": 0.4095178459611772,
          "accuracy": 0.8766437069505323,
          "pgr": 0.8610038610038614
        },
        "arc_challenge": {
          "n": 1000,
          "alpha": 0.323,
          "accuracy": 0.926,
          "pgr": 0.8527607361963195
        },
        "hotpotqa": {
          "n": 1000,
          "alpha": 0.513,
          "accuracy": 0.489,
          "pgr": 0.8265895953757224
        },
        "mmlu": {
          "n": 597,
          "alpha": 0.5544388609715243,
          "accuracy": 0.7939698492462312,
          "pgr": 0.8750000000000001
        }
      }
    },
    "S_top2": {
      "features": [
        "margin",
        "p_max"
      ],
      "tau": -0.34290589599358606,
      "alpha": 0.4478244127839815,
      "accuracy": 0.7269926838659992,
      "pgr": 0.8449074074074074,
      "mean_path_latency_ms": 4675.137418174817,
      "by_slice": {
        "pooled": {
          "n": 2597,
          "alpha": 0.4478244127839815,
          "accuracy": 0.7269926838659992,
          "pgr": 0.8449074074074074
        },
        "mc_pooled": {
          "n": 1597,
          "alpha": 0.40701314965560426,
          "accuracy": 0.876017532874139,
          "pgr": 0.8571428571428571
        },
        "arc_challenge": {
          "n": 1000,
          "alpha": 0.321,
          "accuracy": 0.925,
          "pgr": 0.8466257668711661
        },
        "hotpotqa": {
          "n": 1000,
          "alpha": 0.513,
          "accuracy": 0.489,
          "pgr": 0.8265895953757224
        },
        "mmlu": {
          "n": 597,
          "alpha": 0.5510887772194305,
          "accuracy": 0.7939698492462312,
          "pgr": 0.8750000000000001
        }
      }
    },
    "S_top4": {
      "features": [
        "margin",
        "p_max",
        "H",
        "top2_mass"
      ],
      "tau": -0.23733244223862965,
      "alpha": 0.45128994994224103,
      "accuracy": 0.7273777435502503,
      "pgr": 0.8472222222222222,
      "mean_path_latency_ms": 4677.710217173662,
      "by_slice": {
        "pooled": {
          "n": 2597,
          "alpha": 0.45128994994224103,
          "accuracy": 0.7273777435502503,
          "pgr": 0.8472222222222222
        },
        "mc_pooled": {
          "n": 1597,
          "alpha": 0.4126487163431434,
          "accuracy": 0.8766437069505323,
          "pgr": 0.8610038610038614
        },
        "arc_challenge": {
          "n": 1000,
          "alpha": 0.325,
          "accuracy": 0.926,
          "pgr": 0.8527607361963195
        },
        "hotpotqa": {
          "n": 1000,
          "alpha": 0.513,
          "accuracy": 0.489,
          "pgr": 0.8265895953757224
        },
        "mmlu": {
          "n": 597,
          "alpha": 0.559463986599665,
          "accuracy": 0.7939698492462312,
          "pgr": 0.8750000000000001
        }
      }
    },
    "S_top5": {
      "features": [
        "margin",
        "p_max",
        "H",
        "top2_mass",
        "C_atypical"
      ],
      "tau": -0.19699891861751462,
      "alpha": 0.5121293800539084,
      "accuracy": 0.7273777435502503,
      "pgr": 0.8472222222222222,
      "mean_path_latency_ms": 4792.339650365807,
      "by_slice": {
        "pooled": {
          "n": 2597,
          "alpha": 0.5121293800539084,
          "accuracy": 0.7273777435502503,
          "pgr": 0.8472222222222222
        },
        "mc_pooled": {
          "n": 1597,
          "alpha": 0.5028177833437696,
          "accuracy": 0.8766437069505323,
          "pgr": 0.8610038610038614
        },
        "arc_challenge": {
          "n": 1000,
          "alpha": 0.361,
          "accuracy": 0.919,
          "pgr": 0.8098159509202458
        },
        "hotpotqa": {
          "n": 1000,
          "alpha": 0.527,
          "accuracy": 0.489,
          "pgr": 0.8265895953757224
        },
        "mmlu": {
          "n": 597,
          "alpha": 0.7403685092127303,
          "accuracy": 0.8056951423785594,
          "pgr": 0.9479166666666666
        }
      }
    },
    "S_all": {
      "features": [
        "C_length",
        "C_density",
        "C_atypical",
        "C_linguistic",
        "C_query",
        "H",
        "p_max",
        "margin",
        "top2_mass"
      ],
      "tau": -0.16330639416031187,
      "alpha": 0.6253369272237197,
      "accuracy": 0.7300731613400077,
      "pgr": 0.8634259259259256,
      "mean_path_latency_ms": 4864.7252568348085,
      "by_slice": {
        "pooled": {
          "n": 2597,
          "alpha": 0.6253369272237197,
          "accuracy": 0.7300731613400077,
          "pgr": 0.8634259259259256
        },
        "mc_pooled": {
          "n": 1597,
          "alpha": 0.6869129618033814,
          "accuracy": 0.8829054477144647,
          "pgr": 0.8996138996139
        },
        "arc_challenge": {
          "n": 1000,
          "alpha": 0.577,
          "accuracy": 0.928,
          "pgr": 0.8650306748466262
        },
        "hotpotqa": {
          "n": 1000,
          "alpha": 0.527,
          "accuracy": 0.486,
          "pgr": 0.8092485549132947
        },
        "mmlu": {
          "n": 597,
          "alpha": 0.8710217755443886,
          "accuracy": 0.8073701842546064,