{
  "role": "eval",
  "r_weak": 0.5864458991143627,
  "r_strong": 0.7527916827108202,
  "sets": {
    "S_H": {
      "features": [
        "H"
      ],
      "tau_star": -0.03281751506311138,
      "calib": {
        "alpha": 0.3406813627254509,
        "accuracy": 0.8196392785571143,
        "pgr": 0.8095238095238101
      },
      "eval_at_tau_star": {
        "alpha": 0.4516750096264921,
        "accuracy": 0.7277628032345014,
        "pgr": 0.8495370370370371,
        "tau": -0.03281751506311138
      }
    },
    "S_top2": {
      "features": [
        "margin",
        "p_max"
      ],
      "tau_star": -0.34290589599358606,
      "calib": {
        "alpha": 0.3406813627254509,
        "accuracy": 0.8196392785571143,
        "pgr": 0.8095238095238101
      },
      "eval_at_tau_star": {
        "alpha": 0.4478244127839815,
        "accuracy": 0.7269926838659992,
        "pgr": 0.8449074074074074,
        "tau": -0.34290589599358606
      }
    },
    "S_top4": {
      "features": [
        "margin",
        "p_max",
        "H",
        "top2_mass"
      ],
      "tau_star": -0.23733244223862965,
      "calib": {
        "alpha": 0.3406813627254509,
        "accuracy": 0.8196392785571143,
        "pgr": 0.8095238095238101
      },
      "eval_at_tau_star": {
        "alpha": 0.45128994994224103,
        "accuracy": 0.7273777435502503,
        "pgr": 0.8472222222222222,
        "tau": -0.23733244223862965
      }
    },
    "S_top5": {
      "features": [
        "margin",
        "p_max",
        "H",
        "top2_mass",
        "C_atypical"
      ],
      "tau_star": -0.19699891861751462,
      "calib": {
        "alpha": 0.3807615230460922,
        "accuracy": 0.8196392785571143,
        "pgr": 0.8095238095238101
      },
      "eval_at_tau_star": {
        "alpha": 0.5121293800539084,
        "accuracy": 0.7273777435502503,
        "pgr": 0.8472222222222222,
        "tau": -0.19699891861751462
      }
    },
    "S_all": {
      "features": [
        "C_length",
        "C_density",
        "C_atypical",
        "C_linguistic",
        "C_query",
        "H",
        "p_max",
        "margin",
        "top2_mass"
      ],
      "tau_star": -0.16330639416031187,
      "calib": {
        "alpha": 0.5190380761523046,
        "accuracy": 0.8196392785571143,
        "pgr": 0.8095238095238101
      },
      "eval_at_tau_star": {
        "alpha": 0.6253369272237197,
        "accuracy": 0.7300731613400077,
        "pgr": 0.8634259259259256,
        "tau": -0.16330639416031187
      }
    }
  }
}