{
  "role": "calib",
  "n": 499,
  "select": "cpt80",
  "tau_star": {
    "S_H": {
      "features": [
        "H"
      ],
      "tau": -0.03281751506311138,
      "alpha": 0.3406813627254509,
      "pgr": 0.8095238095238101,
      "accuracy": 0.8196392785571143,
      "cpt50": 0.16032064128256512,
      "cpt80": 0.3406813627254509,
      "select": "cpt80",
      "fallback": false
    },
    "S_p": {
      "features": [
        "p_max"
      ],
      "tau": -0.33723200483193133,
      "alpha": 0.3406813627254509,
      "pgr": 0.8095238095238101,
      "accuracy": 0.8196392785571143,
      "cpt50": 0.2124248496993988,
      "cpt80": 0.3406813627254509,
      "select": "cpt80",
      "fallback": false
    },
    "S_md": {
      "features": [
        "H",
        "p_max",
        "margin"
      ],
      "tau": -0.24032639878659537,
      "alpha": 0.3406813627254509,
      "pgr": 0.8095238095238101,
      "accuracy": 0.8196392785571143,
      "cpt50": 0.218436873747495,
      "cpt80": 0.3406813627254509,
      "select": "cpt80",
      "fallback": false
    },
    "S_top2": {
      "features": [
        "margin",
        "p_max"
      ],
      "tau": -0.34290589599358606,
      "alpha": 0.3406813627254509,
      "pgr": 0.8095238095238101,
      "accuracy": 0.8196392785571143,
      "cpt50": 0.20040080160320642,
      "cpt80": 0.3406813627254509,
      "select": "cpt80",
      "fallback": false
    },
    "S_top4": {
      "features": [
        "margin",
        "p_max",
        "H",
        "top2_mass"
      ],
      "tau": -0.23733244223862965,
      "alpha": 0.3406813627254509,
      "pgr": 0.8095238095238101,
      "accuracy": 0.8196392785571143,
      "cpt50": 0.23246492985971945,
      "cpt80": 0.3406813627254509,
      "select": "cpt80",
      "fallback": false
    },
    "S_top5": {
      "features": [
        "margin",
        "p_max",
        "H",
        "top2_mass",
        "C_atypical"
      ],
      "tau": -0.19699891861751462,
      "alpha": 0.3807615230460922,
      "pgr": 0.8095238095238101,
      "accuracy": 0.8196392785571143,
      "cpt50": 0.20040080160320642,
      "cpt80": 0.3807615230460922,
      "select": "cpt80",
      "fallback": false
    },
    "S_all": {
      "features": [
        "C_length",
        "C_density",
        "C_atypical",
        "C_linguistic",
        "C_query",
        "H",
        "p_max",
        "margin",
        "top2_mass"
      ],
      "tau": -0.16330639416031187,
      "alpha": 0.5190380761523046,
      "pgr": 0.8095238095238101,
      "accuracy": 0.8196392785571143,
      "cpt50": 0.24048096192384769,
      "cpt80": 0.5190380761523046,
      "select": "cpt80",
      "fallback": false
    }
  }
}