{
  "C_length": {
    "mean": 5.80941986546614e-17,
    "std": 1.0
  },
  "C_density": {
    "mean": -4.577354981246475e-16,
    "std": 0.711893292650315
  },
  "C_atypical": {
    "mean": 8.187772964750935e-17,
    "std": 0.8149002167969416
  },
  "C_linguistic": {
    "mean": 1.8714909633716422e-17,
    "std": 0.5796943844141023
  },
  "C_query": {
    "mean": -7.485963853486569e-17,
    "std": 0.5360810648404408
  },
  "H": {
    "mean": 0.29568644503857766,
    "std": 0.4003475592101481
  },
  "p_max": {
    "mean": 0.8615226574240706,
    "std": 0.20882954628306022
  },
  "margin": {
    "mean": 0.7624239777985444,
    "std": 0.3449682089709554
  },
  "top2_mass": {
    "mean": 0.960621337049597,
    "std": 0.09372670746643841
  }
}