{
  "mean": {
    "embedding_geometry.centroid_distance": 0.6769040008446231,
    "embedding_geometry.lof_score": -1.2284140071236584e-15,
    "embedding_geometry.mean_knn_similarity": 0.5314602014710718,
    "embedding_geometry.pc1": -2.680044966315134e-18,
    "embedding_geometry.pc2": 1.0352750507420848e-18,
    "embedding_geometry.pc3": 1.6527657876089388e-18,
    "linguistic_cues.domain_breadth": 0.35250219490781387,
    "linguistic_cues.multihop_score": 0.1887620719929763,
    "linguistic_cues.n_question_marks": 0.8656716417910447,
    "linguistic_cues.n_requirements": 0.08955223880597014,
    "linguistic_cues.n_sentences": 1.5755048287971904,
    "linguistic_cues.reasoning_depth_score": 0.1887620719929763,
    "structural.compression_ratio": 0.7726869344134513,
    "structural.mattr": 0.874150270822409,
    "structural.mean_option_token_len": 2.975599941469125,
    "structural.prompt_token_len": 41.59657594381036,
    "structural.question_option_ratio": 8.88203137213045,
    "structural.question_token_len": 22.766022827041265,
    "structural.std_option_token_len": 0.5209373473511215
  },
  "std": {
    "embedding_geometry.centroid_distance": 0.10329290750757589,
    "embedding_geometry.lof_score": 1.0,
    "embedding_geometry.mean_knn_similarity": 0.07901156639261722,
    "embedding_geometry.pc1": 0.2676087151544462,
    "embedding_geometry.pc2": 0.14020853087043597,
    "embedding_geometry.pc3": 0.1370754248592302,
    "linguistic_cues.domain_breadth": 0.5813688916570772,
    "linguistic_cues.multihop_score": 0.4277636011146243,
    "linguistic_cues.n_question_marks": 0.45658556544470186,
    "linguistic_cues.n_requirements": 0.39517021775742467,
    "linguistic_cues.n_sentences": 1.5382899256250688,
    "linguistic_cues.reasoning_depth_score": 0.8314579653423644,
    "structural.compression_ratio": 0.16741250631672647,
    "structural.mattr": 0.10679075049948936,
    "structural.mean_option_token_len": 3.8254807621641014,
    "structural.prompt_token_len": 39.25349423999505,
    "structural.question_option_ratio": 10.102872514829587,
    "structural.question_token_len": 31.567230331499424,
    "structural.std_option_token_len": 0.9263066289823547
  }
}
